OBJECTID,GEOID,ALAND,AWATER,NAME,State,County,B19049_001E,B19049_001M,B19049_002E,B19049_002M,B19049_003E,B19049_003M,B19049_004E,B19049_004M,B19049_005E,B19049_005M,B19013B_001E,B19013B_001M,B19013C_001E,B19013C_001M,B19013D_001E,B19013D_001M,B19013E_001E,B19013E_001M,B19013F_001E,B19013F_001M,B19013G_001E,B19013G_001M,B19013H_001E,B19013H_001M,B19013I_001E,B19013I_001M,B19053_001E,B19053_001M,B19053_002E,B19053_002M,B19053_003E,B19053_003M,B19053_calc_pctSelfempE,B19053_calc_pctSelfempM,Shape__Area,Shape__Length,Shape__Area_2,Shape__Length_2
1,11001000100,1907610,512798,Census Tract 1,District of Columbia,District of Columbia,191146,25411,,,152442,60183,233125,51056,179673,74290,,,,,234083,42503,,,,,,,195859,29642,83601,63059,2351,186,358,97,1993,197,15.2,3.946099565,3157969.937,16275.59308,3157969.926,16275.59308
2,11001000201,503312,0,Census Tract 2.01,District of Columbia,District of Columbia,,,,,,,,,,,,,,,,,,,,,,,,,,,0,12,0,12,0,12,,,832414.1801,4265.956241,832414.1953,4265.956241
3,11001000202,776437,428754,Census Tract 2.02,District of Columbia,District of Columbia,170987,28290,,,184361,50091,201979,74161,148417,87153,,,,,188611,181700,,,,,,,182972,43194,150278,96043,1563,153,313,125,1250,179,20,7.753474526,1284189.13,13196.75543,1284189.109,13196.75543
4,11001000300,1010802,2334,Census Tract 3,District of Columbia,District of Columbia,152120,21528,36047,23324,153846,38255,212083,31685,145761,29831,,,,,161800,70063,,,,,,,144359,17844,229853,115840,2455,111,245,99,2210,149,10,4.00726303,1675991.329,5244.314206,1675991.328,5244.314206
5,11001000400,1542759,69,Census Tract 4,District of Columbia,District of Columbia,126731,38147,,,76375,60147,250001,,123750,34663,,,,,2499,,,,,,,,125673,36476,203393,193097,618,53,115,34,503,54,18.6,5.265074522,2552695.085,7468.467697,2552695.035,7468.467697
6,11001000501,940586,30822,Census Tract 5.01,District of Columbia,District of Columbia,116303,11791,58529,22605,115013,11769,158933,21807,106827,89174,,,,,58214,43589,,,,,,,141875,28330,81528,59690,1888,133,373,125,1515,156,19.8,6.472833466,1561991.269,8755.028114,1561991.258,8755.028114
7,11001000502,581506,0,Census Tract 5.02,District of Columbia,District of Columbia,142750,14125,86250,36459,140625,18140,217596,100096,118636,52818,85801,35666,,,106806,66236,,,32955,10483,69861,58145,160481,20529,90714,43074,1569,93,435,86,1134,120,27.7,5.229051664,962251.1905,5195.047822,962251.2188,5195.047822
8,11001000600,1442822,71,Census Tract 6,District of Columbia,District of Columbia,177759,56705,,,173173,46314,250001,,145938,26289,250001,,,,,,,,,,,,172404,59733,250001,,2170,113,345,127,1825,186,15.9,5.793681196,2388176.933,6692.096651,2388176.938,6692.096651
9,11001000701,548936,0,Census Tract 7.01,District of Columbia,District of Columbia,98750,17309,33688,14163,90500,20403,127183,44693,115921,34393,65306,39708,,,,,,,,,,,112115,35936,127388,39595,3388,149,451,131,2937,220,13.3,3.82201158,908390.3699,4113.244927,908390.375,4113.244927
10,11001000702,293835,0,Census Tract 7.02,District of Columbia,District of Columbia,69292,6996,30956,24990,71947,9499,67946,21627,85703,59233,,,,,71696,7890,,,,,,,82813,15833,49612,41021,2238,173,264,128,1974,197,11.8,5.646233548,486171.3747,3519.881081,486171.3828,3519.881081
11,11001000801,2913351,168211,Census Tract 8.01,District of Columbia,District of Columbia,144922,29667,,,143798,51548,196354,63041,146397,51075,,,,,105288,22605,,,,,,,164844,33427,,,2684,142,412,111,2272,168,15.4,4.055095598,4821359.839,14470.73624,4821359.887,14470.73624
12,11001000802,1713200,669752,Census Tract 8.02,District of Columbia,District of Columbia,114091,27335,,,81964,18802,163750,58077,154625,90382,75566,37610,,,,,,,,,,,177917,49776,88780,60774,1374,98,327,93,1047,133,23.8,6.552252211,3164973.95,16702.42706,3164973.973,16702.42706
13,11001000901,2952810,75151,Census Tract 9.01,District of Columbia,District of Columbia,250001,,,,250001,,250001,,189667,78674,,,,,112250,30749,,,,,,,250001,,209722,116945,1545,94,347,81,1198,112,22.5,5.061507109,5011918.284,9122.535549,5011918.258,9122.535549
14,11001000902,1867106,307257,Census Tract 9.02,District of Columbia,District of Columbia,217708,23746,,,230515,46070,231544,29725,195972,56016,196563,159581,,,250001,,,,,,,,221250,22020,,,849,49,165,48,684,57,19.4,5.541326433,3154927.259,20593.64863,3154927.344,20593.64863
15,11001001001,2454382,0,Census Tract 10.01,District of Columbia,District of Columbia,179762,16960,,,216125,46782,250001,,82283,26438,,,,,206080,93752,,,,,250001,,169405,22064,250001,,2818,74,538,142,2280,163,19.1,5.014033314,4063753.699,8381.004396,4063753.695,8381.004396
16,11001001002,889721,0,Census Tract 10.02,District of Columbia,District of Columbia,102479,25199,10392,4868,125302,24719,142260,37516,83417,81152,,,,,85515,85247,,,,,,,131484,27609,,,1907,154,294,107,1613,169,15.4,5.471039536,1472692.093,5087.143543,1472692.039,5087.143543
17,11001001100,1676650,0,Census Tract 11,District of Columbia,District of Columbia,147727,28976,58750,7524,166103,49756,250001,,83125,43393,,,,,173036,169575,,,,,,,165368,29271,136029,31266,2088,100,449,122,1639,153,21.5,5.751432222,2776699.551,7342.144754,2776699.512,7342.144754
18,11001001200,1218245,0,Census Tract 12,District of Columbia,District of Columbia,126250,26905,,,119556,45585,167750,33709,79271,31243,,,,,93906,84176,,,,,,,141597,29180,78229,29401,2498,108,452,145,2046,171,18.1,5.751685328,2016913.447,6317.877418,2016913.484,6317.877418
19,11001001301,2855962,26550,Census Tract 13.01,District of Columbia,District of Columbia,127000,21775,53889,7651,99938,24206,134890,62345,220263,75547,,,,,98407,61393,,,,,,,135288,14043,250001,,1916,128,338,105,1578,152,17.6,5.35194632,4727255.977,11516.08309,4727255.973,11516.08309
20,11001001302,1593505,14706,Census Tract 13.02,District of Columbia,District of Columbia,107256,20742,50795,46420,98750,34140,125779,19979,101477,32021,47500,44158,,,,,,,58053,43269,81460,6420,127127,8755,80230,47009,4811,264,531,225,4280,340,11,4.637399195,2636889.791,8147.364436,2636889.801,8147.364436
21,11001001401,788095,0,Census Tract 14.01,District of Columbia,District of Columbia,122419,12859,53065,45553,107222,29851,207000,65501,120392,16898,70500,33285,,,121250,51116,,,,,,,172670,50532,,,1452,52,248,75,1204,86,17.1,5.128943845,1305453.017,5190.470129,1305453.031,5190.470129
22,11001001402,895209,0,Census Tract 14.02,District of Columbia,District of Columbia,113991,16937,,,240625,34977,161250,68521,72500,22012,,,,,,,,,113000,39568,,,140179,41802,114219,101240,1530,97,246,81,1284,119,16.1,5.195055738,1482693.405,6265.038626,1482693.445,6265.038626
23,11001001500,4686643,12091,Census Tract 15,District of Columbia,District of Columbia,202431,28874,,,236875,62333,222813,49019,114732,64337,159500,154668,,,211667,50822,,,,,,,206250,30597,250001,,2123,76,340,96,1783,119,16,4.485411636,7777366.22,16233.8897,7777366.164,16233.8897
24,11001001600,2665663,35624,Census Tract 16,District of Columbia,District of Columbia,169044,14338,,,250001,,169154,22370,130450,7807,142500,25463,,,,,,,,,,,204318,40809,,,1530,82,350,102,1180,106,22.9,6.552961861,4419441.255,14644.78311,4419441.215,14644.78311
25,11001001702,939292,0,Census Tract 17.02,District of Columbia,District of Columbia,84924,26936,,,83317,34971,134472,20659,56477,30132,81250,9666,,,,,,,69145,40035,31333,16315,116125,33340,67697,36810,1488,78,200,73,1288,100,13.4,4.855057719,1556190.408,6252.856917,1556190.422,6252.856917
26,11001001803,1136289,31934,Census Tract 18.03,District of Columbia,District of Columbia,52606,17421,,,55053,10605,41745,7184,51591,32817,37417,18040,,,,,,,60238,13341,,,85536,52174,54263,13229,1572,108,187,81,1385,121,11.9,5.087446531,1882736.129,8557.650354,1882736.172,8557.650354
27,11001001804,601755,0,Census Tract 18.04,District of Columbia,District of Columbia,38564,9528,30952,10097,40000,10994,43285,13336,,,43155,10846,,,,,,,28004,13836,,,,,23992,11076,2186,122,245,132,1941,168,11.2,6.005942525,996833.9406,4392.957278,996833.9492,4392.957278
28,11001001901,769306,0,Census Tract 19.01,District of Columbia,District of Columbia,86927,17041,,,116250,36401,87396,25637,41528,15790,60441,23443,,,,,,,,,,,165556,35422,98646,42408,1421,100,174,71,1247,107,12.2,4.92161375,1274313.411,4676.2401,1274313.406,4676.2401
29,11001001902,877350,0,Census Tract 19.02,District of Columbia,District of Columbia,84615,15750,,,84423,47489,93664,26995,78188,34586,69167,14741,,,,,,,41765,23378,,,143958,67697,,,842,56,92,39,750,63,10.9,4.574467759,1453243.835,5138.570672,1453243.828,5138.570672
30,11001002001,632723,1107,Census Tract 20.01,District of Columbia,District of Columbia,63424,5126,57917,26575,61761,7682,75893,29429,56000,34862,65885,14935,,,,,,,45313,12136,,,126500,18353,43664,7523,1061,49,115,50,946,62,10.8,4.685874621,1047951.143,5383.769793,1047951.152,5383.769793
31,11001002002,849376,0,Census Tract 20.02,District of Columbia,District of Columbia,95469,23648,,,110417,51118,109773,63471,60500,41063,91492,8819,,,,,,,53389,14420,,,235833,54274,,,1297,82,199,80,1098,104,15.3,6.091325564,1406459.299,5636.111006,1406459.305,5636.111006
32,11001002101,600992,0,Census Tract 21.01,District of Columbia,District of Columbia,62139,12480,,,60179,27512,96231,31237,59722,12954,61931,16114,,,,,,,36976,30885,,,165833,66260,36290,19274,1864,182,157,96,1707,219,8.4,5.084130276,995264.3346,4105.786247,995264.3398,4105.786247
33,11001002102,725975,0,Census Tract 21.02,District of Columbia,District of Columbia,83167,20883,,,129773,30648,62931,27753,38417,33915,77891,28243,,,,,,,,,,,185938,28552,63467,15206,1968,141,253,108,1715,143,12.9,5.409957939,1202238.955,4565.57079,1202238.961,4565.57079
34,11001002201,415173,0,Census Tract 22.01,District of Columbia,District of Columbia,69643,8180,,,138368,76523,71694,30646,31055,11188,62325,15168,,,,,,,,,,,177222,28208,,,1096,95,165,79,931,110,15.1,7.088924366,687410.6848,3314.369101,687410.6836,3314.369101
35,11001002202,693961,566,Census Tract 22.02,District of Columbia,District of Columbia,63750,17072,38621,32431,71771,28351,75703,41730,49896,15993,56276,12484,,,,,,,56188,40928,44038,40426,149219,50751,55688,32709,1226,106,176,86,1050,124,14.4,6.903999871,1149932.82,4296.879503,1149932.82,4296.879503
36,11001002301,412613,0,Census Tract 23.01,District of Columbia,District of Columbia,133672,24229,,,162321,16431,120758,30337,59659,27113,93362,34617,,,208958,142818,,,121212,50720,,,174688,10497,121439,57380,1175,63,112,48,1063,77,9.5,4.053011062,683046.3059,3688.348789,683046.2969,3688.348789
37,11001002302,2010229,5298,Census Tract 23.02,District of Columbia,District of Columbia,53750,29295,31058,5454,126635,21991,,,28846,17931,74286,61067,,,64375,53411,,,160125,70349,,,33854,9160,160875,85325,773,88,95,61,678,107,12.3,7.766315766,3335728.097,7562.484408,3335728.09,7562.484408
38,11001002400,556235,0,Census Tract 24,District of Columbia,District of Columbia,102424,13330,109188,5804,118750,24743,101017,13564,76250,30560,100111,19341,,,250001,,,,,,160125,83769,135357,26428,,,1418,78,200,70,1218,100,14.1,4.87518246,920776.6028,4191.976185,920776.6406,4191.976185
39,11001002501,543460,0,Census Tract 25.01,District of Columbia,District of Columbia,79000,32545,,,150855,93427,106932,34395,,,21897,6635,,,250001,,,,104102,35805,,,213125,37506,92656,37641,1040,83,90,43,950,94,8.7,4.076524984,899709.9486,3995.768211,899709.9453,3995.768211
40,11001002502,603735,0,Census Tract 25.02,District of Columbia,District of Columbia,75101,11593,,,87604,19754,76417,51102,27708,11371,41629,17266,,,94333,79414,,,62047,18011,,,160221,56865,72118,18271,2493,143,369,147,2124,167,14.8,5.835066252,999337.7141,4161.411387,999337.7188,4161.411387
41,11001002600,2112431,62623,Census Tract 26,District of Columbia,District of Columbia,184750,31198,,,131136,79455,202708,49724,145875,43687,112679,60643,,,225625,157641,,,,,,,204792,42768,46797,31909,944,61,120,37,824,67,12.7,3.832450567,3500170.426,13576.92437,3500170.414,13576.92437
42,11001002701,452924,0,Census Tract 27.01,District of Columbia,District of Columbia,74161,12852,66495,36209,80169,13860,61944,47527,63906,62105,65380,31142,,,,,,,45861,43666,133488,16077,93030,11207,47213,13939,2653,158,252,95,2401,171,9.5,3.535885758,749604.056,4358.520465,749604.0664,4358.520465
43,11001002702,486440,7801,Census Tract 27.02,District of Columbia,District of Columbia,93553,17937,,,106167,21302,69303,65749,,,,,,,242667,211623,,,,,135913,89749,124095,23433,61791,53905,2420,133,477,163,1943,177,19.7,6.6478548,804951.7061,4658.918241,804951.7031,4658.918241
44,11001002801,171910,0,Census Tract 28.01,District of Columbia,District of Columbia,56310,8484,62277,45645,57344,12224,48333,36538,43333,42233,35536,5982,,,,,,,60670,19981,59550,38454,98242,7229,55577,14946,1630,110,153,86,1477,142,9.4,5.237909915,284523.4748,2221.070767,284523.4727,2221.070767
45,11001002802,229695,0,Census Tract 28.02,District of Columbia,District of Columbia,73889,18909,,,94428,12057,58103,34177,,,10773,6557,,,94097,28426,,,51318,26825,,,145313,40476,57266,17214,2128,97,123,68,2005,125,5.8,3.184608446,380102.6105,2705.928371,380102.5977,2705.928371
46,11001002900,300632,0,Census Tract 29,District of Columbia,District of Columbia,95052,13253,61875,60461,96818,15921,96731,48202,79219,57593,69688,33374,,,,,,,61071,21056,,,121125,48112,62411,7535,1551,96,159,65,1392,110,10.3,4.14253111,497551.7916,2987.902096,497551.7813,2987.902096
47,11001003000,210638,0,Census Tract 30,District of Columbia,District of Columbia,93523,13054,61750,39759,119205,32531,,,23068,14365,20568,6301,,,,,,,69271,60481,,,146653,10053,68854,43000,1428,98,118,56,1310,95,8.3,3.880349199,348559.7053,2415.298003,348559.6914,2415.298003
48,11001003100,296909,0,Census Tract 31,District of Columbia,District of Columbia,109000,18309,,,120938,9771,102500,40974,42361,17984,54714,39502,,,126250,105970,,,77841,50237,77337,65319,124500,11156,112548,43717,1306,84,103,47,1203,98,7.9,3.562845564,491347.4314,3342.485446,491347.4219,3342.485446
49,11001003200,445441,0,Census Tract 32,District of Columbia,District of Columbia,101012,13185,70185,35066,116989,12159,89688,28199,53533,23190,78194,26933,,,,,,,70741,66131,,,204375,83323,82750,27293,1655,131,212,93,1443,154,12.8,5.52710237,737177.3328,3942.733186,737177.3281,3942.733186
50,11001003301,442120,0,Census Tract 33.01,District of Columbia,District of Columbia,123868,13412,,,159973,34304,101184,45392,78958,39122,85806,19475,,,195938,189076,,,,,134408,98716,178462,31340,156333,106308,1582,75,197,65,1385,105,12.5,4.06608961,731439.7841,4252.148617,731439.7734,4252.148617
51,11001003302,204237,0,Census Tract 33.02,District of Columbia,District of Columbia,127336,26873,,,126758,19471,156250,28200,59500,41850,97037,31585,,,148438,50949,,,,,,,161250,47261,141250,105872,911,70,79,37,832,73,8.7,4.006438857,337824.3336,2464.855921,337824.3359,2464.855921
52,11001003400,917526,159593,Census Tract 34,District of Columbia,District of Columbia,91761,11085,2499,,126944,16984,,,,,31014,14199,,,143295,68014,,,,,,,180833,52583,117386,114122,1007,120,116,71,891,130,11.5,6.915725268,1782029.997,6180.466718,1782029.992,6180.466718
53,11001003500,382021,0,Census Tract 35,District of Columbia,District of Columbia,91638,10675,20833,20395,128750,24551,93977,26407,18750,6232,22125,14442,,,185938,77695,,,,,96563,85186,124063,22734,,,1184,88,191,52,993,101,16.1,4.225062928,632047.9515,3840.283197,632047.9766,3840.283197
54,11001003600,305616,0,Census Tract 36,District of Columbia,District of Columbia,100417,18450,,,124107,38479,128125,64108,,,,,,,250001,,,,,,,,108864,55881,136046,41804,2064,166,374,122,1690,198,18.1,5.728380714,505654.2859,2951.051116,505654.2734,2951.051116
55,11001003700,292372,0,Census Tract 37,District of Columbia,District of Columbia,74980,17678,,,107730,36851,,,38000,32074,26071,19562,,,,,,,,,,,124236,25336,43763,21438,2657,171,195,146,2462,226,7.3,5.474581075,483729.5445,2959.741211,483729.5469,2959.741211
56,11001003800,356114,0,Census Tract 38,District of Columbia,District of Columbia,101627,6737,76023,48521,111542,19247,64375,28286,78185,18063,30806,15553,,,101534,15046,,,,,185801,24225,112738,12509,,,2811,207,408,183,2403,236,14.5,6.421799428,589169.5322,3485.496069,589169.5039,3485.496069
57,11001003900,379810,10579,Census Tract 39,District of Columbia,District of Columbia,105250,13078,,,109906,12315,120325,62719,72647,56208,100611,46732,,,,,,,,,,,107825,13834,136271,47318,2757,145,445,151,2312,187,16.1,5.410780996,628648.7677,4298.678552,628648.7969,4298.678552
58,11001004001,271211,2414,Census Tract 40.01,District of Columbia,District of Columbia,138804,13534,43571,29464,135919,9248,190547,75122,118583,100875,195069,125664,,,131250,83447,,,,,95341,12807,145125,25971,,,2220,123,303,126,1917,154,13.6,5.625072662,448740.2238,3008.33397,448740.2148,3008.33397
59,11001004002,194755,0,Census Tract 40.02,District of Columbia,District of Columbia,117045,15065,85156,71430,112457,16043,143750,12009,86250,57682,86500,63791,,,,,,,,,234063,81685,124730,18090,46389,35082,1754,116,223,63,1531,120,12.7,3.491987462,322181.1864,2727.634661,322181.1875,2727.634661
60,11001004100,788960,23020,Census Tract 41,District of Columbia,District of Columbia,156486,20027,,,123594,51226,211667,82263,211786,91985,125469,37212,,,,,,,95433,33804,,,166563,31878,96202,31461,1398,108,226,68,1172,128,16.2,4.701032437,1305244.817,6629.377539,1305244.793,6629.377539
61,11001004201,204529,0,Census Tract 42.01,District of Columbia,District of Columbia,123148,25146,132750,118288,126528,39371,138250,48654,,,,,,,83750,47464,,,,,,,124722,23407,101528,74679,1998,145,239,97,1759,165,12,4.776609684,338330.8463,2370.51311,338330.8633,2370.51311
62,11001004202,207646,0,Census Tract 42.02,District of Columbia,District of Columbia,105742,15555,46250,29098,95655,15745,114102,48883,,,,,,,87617,19420,,,,,86375,22252,108600,11832,111006,25121,1621,130,177,62,1444,139,10.9,3.723205284,343461.833,2697.829193,343461.8164,2697.829193
63,11001004300,236694,0,Census Tract 43,District of Columbia,District of Columbia,97688,34416,,,113347,19499,126974,29853,14083,2585,17974,9220,,,,,,,56058,19710,,,124500,21566,,,2221,154,249,96,1972,157,11.2,4.251900152,391545.5898,2631.66435,391545.5938,2631.66435
64,11001004400,521639,0,Census Tract 44,District of Columbia,District of Columbia,179932,19532,79559,41076,189250,18320,205729,87890,48264,23706,119063,96051,,,153750,95081,,,,,101389,27927,188088,17594,,,2790,189,396,144,2394,215,14.2,5.070940598,862920.6025,3786.446793,862920.6289,3786.446793
65,11001004600,437422,0,Census Tract 46,District of Columbia,District of Columbia,112000,17417,,,147286,13088,54656,46650,84625,77049,52938,36878,,,152993,42776,,,,,,,153929,17424,106250,54753,1428,87,198,90,1230,117,13.9,6.245652013,723450.892,3728.277021,723450.875,3728.277021
66,11001004701,324656,0,Census Tract 47.01,District of Columbia,District of Columbia,48851,6677,107500,40091,98482,25811,12500,7910,28996,3243,28224,6379,,,,,,,,,,,120231,21696,153750,91832,2482,175,77,71,2405,189,3.1,2.852220998,536861.8798,3752.136328,536861.8633,3752.136328
67,11001004702,326351,0,Census Tract 47.02,District of Columbia,District of Columbia,107885,4614,40179,14332,115455,12399,128000,27005,,,54844,15398,,,119583,44137,,,35694,15065,161429,135924,124868,20753,89327,45485,1800,57,183,58,1617,68,10.2,3.206098536,539618.3078,3777.091233,539618.3281,3777.091233
68,11001004801,317222,0,Census Tract 48.01,District of Columbia,District of Columbia,115625,8096,98750,60939,133625,32380,117125,14375,19728,7381,69107,41154,,,,,,,60272,52060,,,158906,15789,111429,85850,1191,84,134,59,1057,82,11.3,4.889852143,524679.78,3151.887986,524679.7695,3151.887986
69,11001004802,286769,0,Census Tract 48.02,District of Columbia,District of Columbia,90000,20961,,,123182,32507,66927,63886,18008,11268,36066,10567,,,,,,,,,,,130337,16158,130000,44328,1840,87,214,90,1626,93,11.6,4.860293118,474240.8776,2817.515204,474240.8906,2817.515204
70,11001004901,271866,0,Census Tract 49.01,District of Columbia,District of Columbia,116964,19964,,,140156,14182,35568,21061,26302,15415,27419,9375,,,126429,65670,,,,,113611,88397,166641,28039,113056,44873,1485,91,122,59,1363,103,8.2,3.941038544,449661.1944,2718.395994,449661.1836,2718.395994
71,11001004902,263878,0,Census Tract 49.02,District of Columbia,District of Columbia,120054,28439,75735,57679,139722,34382,70139,56268,,,,,,,108958,35151,,,33042,18255,134861,76169,174453,22908,83594,82567,1541,78,139,61,1402,95,9,3.93205036,436381.0746,2640.079633,436381.0859,2640.079633
72,11001005001,204439,0,Census Tract 50.01,District of Columbia,District of Columbia,145208,12396,74643,58336,139872,10484,198478,50357,,,34740,31624,,,173250,22144,,,,,,,148173,30443,78400,16598,995,72,135,75,860,104,13.6,7.473475015,338137.8396,2736.38713,338137.8203,2736.38713
73,11001005002,233823,0,Census Tract 50.02,District of Columbia,District of Columbia,87361,12814,62292,56142,113362,21062,,,,,17199,3707,,,123594,100557,,,,,51528,45954,133403,12737,59617,31261,3391,186,317,138,3074,178,9.3,4.037163074,386694.2767,2904.233207,386694.2852,2904.233207
74,11001005201,339712,0,Census Tract 52.01,District of Columbia,District of Columbia,110441,14269,120326,106316,115605,19086,125760,31221,30202,26556,60172,58885,,,104211,9323,,,70714,9516,84375,22914,141012,17045,75503,9726,4130,239,373,186,3757,247,9,4.473202797,561858.3353,3426.077463,561858.3477,3426.077463
75,11001005301,286399,0,Census Tract 53.01,District of Columbia,District of Columbia,94436,11947,,,101731,18640,104583,26905,62014,40752,,,,,107530,54378,,,,,84861,30726,104091,13994,65556,24916,3463,173,346,120,3117,189,10,3.429067079,473686.7305,2987.540978,473686.707,2987.540978
76,11001005500,629389,9350,Census Tract 55,District of Columbia,District of Columbia,100982,24151,31643,22794,89425,25298,212917,40157,63266,61798,,,,,81125,23812,,,,,,,101964,25578,111111,49743,4136,284,335,159,3801,333,8.1,3.803850564,1040958.033,6034.781093,1040958.078,6034.781093
77,11001005600,457260,7186,Census Tract 56,District of Columbia,District of Columbia,83722,14483,17104,8359,88042,17863,175387,49128,81458,22294,,,,,73529,24668,,,,,,,93322,14325,88846,47503,3137,227,279,122,2858,216,8.9,3.835445466,756078.2798,4656.369613,756078.2539,4656.369613
78,11001005800,914536,0,Census Tract 58,District of Columbia,District of Columbia,143268,9081,49167,32640,134342,17527,169306,34348,,,173472,45758,,,,,,,,,181250,168698,142455,8744,147636,17378,2165,158,203,70,1962,161,9.4,3.160015825,1512042.365,5330.761585,1512042.348,5330.761585
79,11001005900,642060,0,Census Tract 59,District of Columbia,District of Columbia,92000,20903,79821,41118,124211,19558,,,10600,7452,12829,7176,,,83571,35014,,,,,104659,34220,111000,18803,123487,32952,1222,116,82,43,1140,119,6.7,3.460687095,1061500.971,4353.229633,1061500.949,4353.229633
80,11001006202,6539769,4970897,Census Tract 62.02,District of Columbia,District of Columbia,,,,,,,,,,,,,,,,,,,,,,,,,,,39,58,0,12,39,58,0,30.76923077,10900149.73,47557.78779,10900149.8,47557.78779
81,11001006400,688025,246481,Census Tract 64,District of Columbia,District of Columbia,30991,5719,16667,1171,40725,15813,36750,30734,18365,13745,19279,12783,,,,,,,,,,,111364,82611,,,1298,87,103,53,1195,96,7.9,4.048416323,1136564.902,5127.771083,1136564.887,5127.771083
82,11001006500,504907,0,Census Tract 65,District of Columbia,District of Columbia,126964,25384,67045,10834,119191,21790,188875,33713,113472,30621,62661,33684,,,,,,,,,118824,27018,145875,32681,161136,113368,1161,113,245,81,916,116,21.1,6.667566184,834463.1958,4369.209703,834463.2188,4369.209703
83,11001006600,287216,0,Census Tract 66,District of Columbia,District of Columbia,132396,37934,62708,15953,150871,54781,173563,32789,110250,52459,,,,,89219,71704,,,,,,,138967,40135,103482,72678,1003,82,198,78,805,93,19.7,7.607359349,474737.0031,3409.981955,474737.0195,3409.981955
84,11001006700,428358,0,Census Tract 67,District of Columbia,District of Columbia,142813,16416,97361,16309,166111,62778,147031,25771,115833,14143,93611,41457,,,,,,,,,136250,43178,154637,20462,201302,14242,1786,78,313,82,1473,120,17.5,4.527020468,708028.2036,3882.2466,708028.2109,3882.2466
85,11001006801,244750,0,Census Tract 68.01,District of Columbia,District of Columbia,100880,13639,61818,47726,133462,27560,,,53947,24665,53026,23877,,,123125,107498,,,,,88333,70773,148983,18327,,,951,66,104,42,847,76,10.9,4.350702143,404542.8347,2648.224444,404542.8438,2648.224444
86,11001006802,280108,0,Census Tract 68.02,District of Columbia,District of Columbia,166000,37151,,,190833,20766,148000,72771,64318,26215,77404,31109,,,,,,,,,78646,68076,186080,14059,,,1044,49,127,48,917,59,12.2,4.562112544,462925.6998,3235.149418,462925.6953,3235.149418
87,11001006804,1542277,477741,Census Tract 68.04,District of Columbia,District of Columbia,158750,33676,,,241250,153730,,,,,,,,,,,,,,,,,,,,,32,22,0,12,32,22,0,37.5,2548976.497,13856.23847,2548976.434,13856.23847
88,11001006900,398513,0,Census Tract 69,District of Columbia,District of Columbia,163125,20496,,,212333,24998,108625,62118,,,25662,17065,,,,,,,,,,,205781,39545,,,1168,61,197,70,971,90,16.9,5.928062781,658622.6656,3633.899905,658622.6563,3633.899905
89,11001007000,423352,0,Census Tract 70,District of Columbia,District of Columbia,143875,21856,,,147500,22525,173516,54422,118375,36000,,,,,,,,,,,198508,109584,147656,24872,125577,26718,1065,99,229,73,836,108,21.5,6.556552655,699627.2674,3750.000284,699627.2734,3750.000284
90,11001007100,602224,149901,Census Tract 71,District of Columbia,District of Columbia,70000,29351,,,112500,20418,,,39286,39163,17877,14122,,,,,,,,,135909,72439,130000,9055,,,1276,86,122,62,1154,100,9.6,4.816013623,995310.4635,4606.815412,995310.4609,4606.815412
91,11001007200,1368067,312418,Census Tract 72,District of Columbia,District of Columbia,115667,4019,51607,26425,122847,16280,124113,8798,22667,17695,45000,20983,,,150508,19195,,,,,74896,64908,135547,12115,84554,11364,3178,138,181,90,2997,151,5.7,2.821150184,2260520.62,7159.620296,2260520.633,7159.620296
92,11001007301,4684477,5139019,Census Tract 73.01,District of Columbia,District of Columbia,88015,8087,45100,2408,83672,5848,155500,32041,,,87727,41296,,,,,,,,,111250,55200,98250,22779,46287,4467,1280,92,47,37,1233,97,3.7,2.878551932,7737764.361,23771.99307,7737764.355,23771.99307
93,11001007304,1240632,11466,Census Tract 73.04,District of Columbia,District of Columbia,31514,7078,44276,29469,22278,10301,44306,43703,50833,21411,33011,9365,,,,,,,,,,,,,,,1231,104,77,58,1154,106,6.3,4.681887024,2066868.364,7099.848141,2066868.391,7099.848141
94,11001007401,1203298,200980,Census Tract 74.01,District of Columbia,District of Columbia,13750,1539,,,12644,4182,12530,5423,22250,12897,13528,1761,,,,,,,,,,,,,,,751,73,9,14,742,74,1.2,1.860537938,1987567.699,7667.767605,1987567.684,7667.767605
95,11001007403,330203,0,Census Tract 74.03,District of Columbia,District of Columbia,26419,10279,,,26106,11670,26705,17574,31818,14285,25507,9831,,,,,,,,,,,,,,,1054,82,26,25,1028,85,2.5,2.364139813,545192.1531,4102.467784,545192.1719,4102.467784
96,11001007404,820443,0,Census Tract 74.04,District of Columbia,District of Columbia,52100,26886,,,48203,28911,73060,15265,,,51750,27509,,,,,,,,,,,,,,,1140,96,63,49,1077,96,5.5,4.272978169,1354688.029,6411.031705,1354688.02,6411.031705
97,11001007406,360152,0,Census Tract 74.06,District of Columbia,District of Columbia,23542,18093,23333,11847,12104,8823,56023,23555,39722,27651,17077,15733,,,,,,,,,,,,,,,1002,105,15,16,987,104,1.5,1.589082078,594754.1033,3303.188254,594754.1211,3303.188254
98,11001007407,604673,0,Census Tract 74.07,District of Columbia,District of Columbia,40079,9050,,,50488,15238,34063,16261,,,39531,9314,,,,,,,,,,,178854,177049,,,1398,79,76,51,1322,91,5.4,3.635110858,998609.2884,6011.033688,998609.2969,6011.033688
99,11001007408,376376,0,Census Tract 74.08,District of Columbia,District of Columbia,22879,5130,,,16510,6519,40183,14311,30000,29396,21875,4695,,,,,,,,,,,,,,,1029,118,61,44,968,121,5.9,4.221612827,621494.8697,5008.037009,621494.8867,5008.037009
100,11001007409,397785,0,Census Tract 74.09,District of Columbia,District of Columbia,37153,8785,34861,25598,32826,9292,55952,10128,20688,17196,36684,9183,,,,,,,,,,,,,,,1532,74,60,37,1472,76,3.9,2.407723232,656714.908,3911.424678,656714.9102,3911.424678
101,11001007502,615830,0,Census Tract 75.02,District of Columbia,District of Columbia,27004,4275,,,34479,16278,35139,15958,16563,4629,26918,4111,,,,,,,,,,,,,,,1776,120,73,51,1703,131,4.1,2.858159972,1017013.01,6162.030861,1017012.977,6162.030861
102,11001007503,515179,0,Census Tract 75.03,District of Columbia,District of Columbia,27206,6917,,,30968,12628,22500,11957,30083,8540,23750,5775,,,,,,,,,,,171250,116238,,,912,59,55,33,857,69,6,3.597326578,850964.1287,3796.637935,850964.1328,3796.637935
103,11001007504,796569,0,Census Tract 75.04,District of Columbia,District of Columbia,17147,3967,,,,,15903,6989,15208,8160,17412,4010,,,,,,,,,,,,,,,1110,115,73,59,1037,133,6.6,5.271463696,1315653.808,5657.075426,1315653.832,5657.075426
104,11001007601,1115358,141529,Census Tract 76.01,District of Columbia,District of Columbia,36195,5859,16736,13764,41319,30128,26758,3559,54213,9885,35543,6477,,,,,,,,,,,96406,71321,,,2139,119,93,74,2046,122,4.3,3.451094168,1842532.909,5895.585814,1842532.902,5895.585814
105,11001007603,1226618,0,Census Tract 76.03,District of Columbia,District of Columbia,47645,10869,,,,,,,48460,10582,47808,11839,,,,,,,,,,,114010,97471,2499,,2244,144,193,95,2051,169,8.6,4.197381031,2025836.488,6408.88503,2025836.477,6408.88503
106,11001007604,1369578,0,Census Tract 76.04,District of Columbia,District of Columbia,64193,6895,,,64554,24341,65066,18080,52321,25447,62656,17374,,,,,,,,,,,156250,84583,,,1818,138,93,52,1725,150,5.1,2.833805656,2262378.162,6977.424426,2262378.191,6977.424426
107,11001007605,453794,0,Census Tract 76.05,District of Columbia,District of Columbia,40239,8707,,,42222,22630,40213,14548,36875,13667,34727,12376,,,,,,,,,68942,29192,98500,86894,56125,33947,1597,102,50,38,1547,100,3.1,2.371044034,749618.3018,4717.728945,749618.2891,4717.728945
108,11001007703,1017741,1059,Census Tract 77.03,District of Columbia,District of Columbia,27879,9078,,,33576,9026,21359,13388,17465,13632,25739,9520,,,,,,,,,,,,,,,2190,144,84,69,2106,158,3.8,3.140574504,1683885.581,5874.266554,1683885.586,5874.266554
109,11001007707,842851,0,Census Tract 77.07,District of Columbia,District of Columbia,40168,13998,2499,,54632,40091,42137,33865,26154,2589,40317,12995,,,,,,,,,,,,,,,1591,110,179,90,1412,135,11.3,5.603082277,1392751.666,5677.297795,1392751.645,5677.297795
110,11001007708,745807,129100,Census Tract 77.08,District of Columbia,District of Columbia,34167,9820,,,40639,14719,,,32098,17623,34167,9820,,,,,,,,,,,,,,,1122,92,0,12,1122,92,0,1.069518717,1232685.977,5509.206013,1232685.992,5509.206013
111,11001007709,828871,82685,Census Tract 77.09,District of Columbia,District of Columbia,29717,6612,38958,11767,28690,4151,41036,9029,21583,11660,28967,4564,,,,,,,,,39375,38585,,,,,1045,79,58,31,987,77,5.6,2.936683706,1369611.402,5731.974135,1369611.414,5731.974135
112,11001007803,986689,3755,Census Tract 78.03,District of Columbia,District of Columbia,40933,8337,,,40205,19073,50409,7193,28424,6965,39079,9785,,,,,,,,,,,89375,71187,,,1771,122,100,64,1671,136,5.6,3.592782453,1637463.484,5725.544232,1637463.445,5725.544232
113,11001007804,838428,5705,Census Tract 78.04,District of Columbia,District of Columbia,53426,10082,,,28509,14999,70735,17666,53472,33788,50192,12296,,,,,,,,,,,,,,,1224,99,84,77,1140,108,6.9,6.266313221,1395555.565,5875.60742,1395555.586,5875.60742
114,11001007806,671434,0,Census Tract 78.06,District of Columbia,District of Columbia,36894,16279,,,31575,7491,35461,28502,45917,11887,41964,14448,,,,,,,,,,,77250,71211,,,1026,73,61,59,965,93,5.9,5.734907237,1110356.538,5239.427046,1110356.527,5239.427046
115,11001007807,522749,0,Census Tract 78.07,District of Columbia,District of Columbia,38861,9977,,,48382,33581,38952,16780,36510,9016,38083,6792,,,,,,,,,,,,,,,863,69,29,25,834,71,3.4,2.884385223,864306.0356,4191.777634,864306.0313,4191.777634
116,11001007808,936852,7722,Census Tract 78.08,District of Columbia,District of Columbia,33568,12577,,,35833,35376,55000,33705,16782,10495,33477,13818,,,,,,,,,,,,,41359,905,1453,115,106,84,1347,135,7.3,5.752236438,1561485.616,5367.093808,1561485.574,5367.093808
117,11001007809,535254,0,Census Tract 78.09,District of Columbia,District of Columbia,51094,19260,,,29952,16764,50417,22574,80135,18410,51146,18514,,,,,,,,,,,,,,,1147,108,9,14,1138,106,0.8,1.218337298,885054.066,4983.870722,885054.0938,4983.870722
118,11001007901,402041,0,Census Tract 79.01,District of Columbia,District of Columbia,67122,15034,,,95694,16360,27200,26456,48214,27017,46648,17027,,,,,,,,,,,127431,15858,102159,9694,1565,112,153,62,1412,126,9.8,3.899391058,664688.2406,3325.524711,664688.2656,3325.524711
119,11001007903,247945,0,Census Tract 79.03,District of Columbia,District of Columbia,85357,9004,,,121406,19915,58750,11195,69805,8892,68269,7321,,,128750,42415,,,,,,,134375,18718,,,800,64,36,23,764,68,4.5,2.85237182,409923.4774,2801.785213,409923.4883,2801.785213
120,11001008001,322795,0,Census Tract 80.01,District of Columbia,District of Columbia,145641,18466,,,158158,24872,133750,66751,,,84156,15258,,,,,,,,,132917,106611,180208,11988,175089,37179,1324,99,191,79,1133,104,14.4,5.868454866,533673.0163,3036.133801,533673.0117,3036.133801
121,11001008002,578960,0,Census Tract 80.02,District of Columbia,District of Columbia,114659,21408,168015,132784,134615,29639,110625,93075,27500,9774,62832,60783,,,,,,,,,,,174519,30556,154722,48568,1552,84,86,42,1466,86,5.5,2.68951537,957049.8273,4987.316601,957049.832,4987.316601
122,11001008100,290283,0,Census Tract 81,District of Columbia,District of Columbia,148333,17122,,,148125,23235,206607,55356,52237,48740,68274,31882,,,206190,95403,,,75486,52532,126429,93905,176776,41489,76890,27426,1484,87,216,78,1268,113,14.6,5.186336235,479873.9121,2986.795868,479873.8945,2986.795868
123,11001008200,338424,0,Census Tract 82,District of Columbia,District of Columbia,130969,11655,,,120577,18609,200288,60939,148295,43020,,,,,240694,39591,,,,,118000,60087,130587,10346,160625,114387,1348,99,180,72,1168,104,13.4,5.250445318,559437.3791,3907.702884,559437.3594,3907.702884
124,11001008301,303973,0,Census Tract 83.01,District of Columbia,District of Columbia,155069,36333,73750,38701,156944,37646,181250,52086,60625,33008,50700,22995,,,,,,,,,98571,42233,168933,22331,,,1007,108,145,47,862,110,14.4,4.404438911,502566.2924,3047.618194,502566.293,3047.618194
125,11001008302,260891,0,Census Tract 83.02,District of Columbia,District of Columbia,143611,22840,59018,24828,144861,26805,161845,11993,108125,57043,53700,20433,,,199583,161487,,,,,,,160952,20250,,,1046,64,106,40,940,67,10.1,3.773489557,431329.8854,3054.186515,431329.8867,3054.186515
126,11001008402,274180,0,Census Tract 84.02,District of Columbia,District of Columbia,81789,12105,,,126111,55335,72614,42873,15104,4292,16776,14023,,,94028,89745,,,,,218824,27914,145081,21583,,,1171,78,212,75,959,95,18.1,6.290230892,453327.0853,3466.792905,453327.0703,3466.792905
127,11001008410,219939,0,Census Tract 84.10,District of Columbia,District of Columbia,153500,14250,,,183393,21783,,,,,52105,7687,,,209141,27380,,,,,183214,19876,170625,28250,166250,132364,570,55,51,28,519,64,8.9,4.835818577,363672.8239,2998.617531,363672.8281,2998.617531
128,11001008701,382686,0,Census Tract 87.01,District of Columbia,District of Columbia,113224,26074,,,144491,35306,77750,30788,61795,26084,69875,21212,,,,,,,,,,,158036,23192,,,877,87,74,43,803,82,8.4,4.831099934,632995.6061,3476.814998,632995.6094,3476.814998
129,11001008702,490159,0,Census Tract 87.02,District of Columbia,District of Columbia,79446,5971,79196,43247,97330,10448,37813,14430,30774,7821,53173,15620,,,70625,16730,,,,,68929,52616,111458,10928,95208,71406,1495,100,137,62,1358,118,9.2,4.101607287,810792.2692,4801.329216,810792.2461,4801.329216
130,11001008802,468578,0,Census Tract 88.02,District of Columbia,District of Columbia,67176,14738,103490,57090,109375,8433,44559,31425,33750,6725,44442,18232,,,,,,,,,,,116705,13497,,,1791,130,168,63,1623,148,9.4,3.451064589,774853.4764,3641.496079,774853.4727,3641.496079
131,11001008803,1165234,0,Census Tract 88.03,District of Columbia,District of Columbia,32250,6399,2499,,35833,18451,19931,18725,,,30189,6537,,,,,,,63750,27850,,,,,62039,12080,683,57,67,38,616,67,9.8,5.503128508,1927222.525,6846.516891,1927222.512,6846.516891
132,11001008804,778052,0,Census Tract 88.04,District of Columbia,District of Columbia,42750,10411,,,62955,28151,41094,13918,25260,11582,40292,9839,,,,,,,,,,,115278,67384,40820,37337,1236,121,79,59,1157,121,6.4,4.732275306,1286840.564,5079.713784,1286840.582,5079.713784
133,11001008903,305651,0,Census Tract 89.03,District of Columbia,District of Columbia,44174,14711,,,51007,25343,24326,24077,43900,14434,36767,20519,,,,,,,,,,,95896,8501,,,1525,126,174,109,1351,155,11.4,7.085099281,505436.5838,3743.378376,505436.5664,3743.378376
134,11001008904,449343,0,Census Tract 89.04,District of Columbia,District of Columbia,38277,6153,,,46212,7818,30625,12927,,,36577,6273,,,123462,86334,,,,,,,83043,11004,,,1744,133,60,55,1684,142,3.4,3.142737034,742986.131,4034.662895,742986.1367,4034.662895
135,11001009000,1427115,31550,Census Tract 90,District of Columbia,District of Columbia,59487,15688,,,102011,20621,97928,88634,20987,6306,55188,27601,,,,,,,,,,,242841,191008,80781,30512,2092,95,68,49,2024,100,3.3,2.337600506,2395429.981,6971.588853,2395429.98,6971.588853
136,11001009102,1815597,0,Census Tract 91.02,District of Columbia,District of Columbia,43919,4617,,,45143,8772,49405,31027,39792,21234,41223,6371,,,,,,,57708,6068,231094,190097,138359,82302,,,2042,78,161,84,1881,119,7.9,4.10257465,3003570.736,8137.965822,3003570.75,8137.965822
137,11001009201,633995,0,Census Tract 92.01,District of Columbia,District of Columbia,82500,12229,,,102132,13559,99286,58369,51786,27843,53646,8502,,,117717,69232,,,36429,17447,,,134792,35204,37143,9271,1058,66,153,51,905,76,14.5,4.735249709,1049122.301,4301.018134,1049122.305,4301.018134
138,11001009203,581087,0,Census Tract 92.03,District of Columbia,District of Columbia,72750,29811,50625,16718,91250,25380,100926,43148,19886,13865,50903,22917,,,,,,,,,103594,14255,107125,60121,105511,27647,1235,90,169,78,1066,122,13.7,6.236563891,961387.6469,4435.25858,961387.668,4435.25858
139,11001009204,308466,0,Census Tract 92.04,District of Columbia,District of Columbia,21150,13196,,,47328,21599,,,15108,5102,19211,3004,,,,,,,47292,29935,,,85417,35550,46417,43378,1331,106,31,26,1300,105,2.3,1.944592158,510366.1552,3273.44579,510366.1602,3273.44579
140,11001009301,1104952,0,Census Tract 93.01,District of Columbia,District of Columbia,97813,17311,,,199531,81584,106226,14858,53409,32626,72236,18328,,,154231,99753,,,,,,,211406,38526,,,1182,75,163,66,1019,89,13.8,5.5147701,1828543.462,5896.386107,1828543.445,5896.386107
141,11001009302,391905,0,Census Tract 93.02,District of Columbia,District of Columbia,73603,12890,2499,,159500,63116,64596,11859,17647,15525,62941,30370,,,,,,,,,,,163438,57788,75375,36382,545,54,29,20,516,59,5.3,3.631653915,648450.9443,3520.53695,648450.9492,3520.53695
142,11001009400,1582882,0,Census Tract 94,District of Columbia,District of Columbia,96953,14925,,,138000,38964,101719,25972,62550,9324,77316,22988,,,,,,,,,,,165000,17607,,,1627,117,66,39,1561,131,4.1,2.379233411,2619909.532,7071.357064,2619909.5,7071.357064
143,11001009501,1589556,0,Census Tract 95.01,District of Columbia,District of Columbia,44443,8220,,,49755,8296,44830,15328,38427,13009,40821,9259,,,50417,34648,,,47667,13686,61000,24095,75515,56823,37468,19024,1875,87,95,60,1780,107,5.1,3.191352554,2631322.539,8045.826382,2631322.543,8045.826382
144,11001009503,1423608,0,Census Tract 95.03,District of Columbia,District of Columbia,118039,14816,,,125640,7107,132813,30769,81250,16298,108052,16074,,,,,,,,,,,140000,47804,,,1153,85,159,66,994,98,13.8,5.633198858,2356721.992,7013.536449,2356722.016,7013.536449
145,11001009504,1031803,0,Census Tract 95.04,District of Columbia,District of Columbia,83487,21963,,,135972,54004,,,73030,13057,73536,12703,,,,,,,,,,,129219,37307,112833,63281,1259,102,44,33,1215,99,3.5,2.605790291,1707988.612,5446.080921,1707988.637,5446.080921
146,11001009505,1032228,0,Census Tract 95.05,District of Columbia,District of Columbia,81169,27333,,,130341,58804,114044,37512,55000,7011,79393,15253,,,,,,,,,46078,16197,195833,49698,46042,44051,1291,90,164,77,1127,109,12.7,5.898255691,1709690.929,5908.075211,1709690.906,5908.075211
147,11001009507,295290,0,Census Tract 95.07,District of Columbia,District of Columbia,73750,26383,,,111667,28757,64500,44808,58438,19991,69688,19951,,,,,,,,,,,,,,,609,39,55,48,554,60,9,7.860525438,489046.8917,3201.833735,489046.8984,3201.833735
148,11001009508,933192,0,Census Tract 95.08,District of Columbia,District of Columbia,60638,10877,24181,18351,94375,42061,70125,48146,48438,9050,57375,13637,,,,,,,,,113250,69000,,,,,1560,144,174,104,1386,161,11.2,6.586683348,1545311.954,7486.208288,1545311.941,7486.208288
149,11001009509,648849,0,Census Tract 95.09,District of Columbia,District of Columbia,68750,25365,,,121859,9341,104063,15647,45703,12381,60707,12078,,,,,,,101797,27485,,,125721,12044,,,1308,75,87,61,1221,87,6.7,4.647987667,1074314.133,4315.350445,1074314.113,4315.350445
150,11001009601,1905262,179134,Census Tract 96.01,District of Columbia,District of Columbia,30948,5822,,,29632,4097,33811,12916,,,31379,5890,,,,,,,,,,,,,,,886,54,6,9,880,55,0.7,1.014962482,3154348.812,13426.0455,3154348.813,13426.0455
151,11001009602,1306698,77605,Census Tract 96.02,District of Columbia,District of Columbia,26712,4335,,,25455,10798,27622,5048,24167,12164,26807,4114,,,,,,,,,,,,,,,1780,98,60,58,1720,108,3.4,3.253137775,1762906.465,8258.562326,1762906.488,8258.562326
152,11001009603,607400,0,Census Tract 96.03,District of Columbia,District of Columbia,46353,7639,,,79063,14276,41159,13154,23250,15680,46856,7003,,,,,,,,,,,,,,,1659,118,126,81,1533,137,7.6,4.852482448,1004074.83,4905.972184,1004074.824,4905.972184
153,11001009604,503381,65762,Census Tract 96.04,District of Columbia,District of Columbia,62773,14420,,,95563,25952,48603,12149,63188,28267,57917,16310,,,,,,,,,39625,1469,111250,37176,64766,8790,969,54,29,26,940,53,3,2.677990189,832137.9725,3877.511073,832137.9609,3877.511073
154,11001009700,403051,6711,Census Tract 97,District of Columbia,District of Columbia,39750,16475,,,48993,24712,72417,58456,19464,4856,39750,16475,,,,,,,,,,,,,,,1074,108,0,12,1074,108,0,1.117318436,676275.6816,4351.241689,676275.6719,4351.241689
155,11001009801,431384,17249,Census Tract 98.01,District of Columbia,District of Columbia,21088,4025,,,33333,19791,18056,5635,15909,4351,20559,3721,,,,,,,,,,,,,,,879,52,6,10,873,53,0.7,1.136939543,740424.7545,4174.893236,740424.7266,4174.893236
156,11001009802,200745,0,Census Tract 98.02,District of Columbia,District of Columbia,19342,6828,,,17436,11253,,,,,19286,7561,,,,,,,,,,,,,78942,17423,704,55,27,21,677,60,3.8,2.967868158,331280.9618,2726.606031,331280.9688,2726.606031
157,11001009803,531060,0,Census Tract 98.03,District of Columbia,District of Columbia,31667,8606,,,49423,29051,33693,19303,20353,5249,31583,8214,,,,,,,,,,,,,,,1208,95,0,12,1208,95,0,0.993377483,876505.6433,4108.736595,876505.625,4108.736595
158,11001009804,518363,0,Census Tract 98.04,District of Columbia,District of Columbia,39417,5018,,,31983,12138,44333,14061,44837,17531,38789,6076,,,,,,,,,,,,,,,1031,54,34,22,997,58,3.3,2.126848506,855645.217,4803.752352,855645.2539,4803.752352
159,11001009807,1037012,0,Census Tract 98.07,District of Columbia,District of Columbia,49457,4526,,,51384,12668,49792,7960,,,49030,3972,,,,,,,,,,,,,,,1301,123,44,38,1257,130,3.4,2.90327609,1711261.367,6497.311796,1711261.344,6497.311796
160,11001009810,398419,14058,Census Tract 98.10,District of Columbia,District of Columbia,30822,8957,,,40176,7619,26016,10234,14475,9985,30325,9812,,,,,,,,,,,,,,,1196,66,62,50,1134,84,5.2,4.170802889,680628.9948,3614.493304,680629.0078,3614.493304
161,11001009811,467504,0,Census Tract 98.11,District of Columbia,District of Columbia,31432,1926,29489,28633,31590,2135,31522,13126,30962,22222,31372,1811,,,,,,,,,,,,,,,1856,104,71,68,1785,114,3.8,3.657517107,771412.7148,4573.462631,771412.707,4573.462631
162,11001009901,2102151,0,Census Tract 99.01,District of Columbia,District of Columbia,96518,22840,,,116757,36458,116111,57571,70179,33941,90625,18237,,,,,,,,,,,116858,33297,,,955,93,119,59,836,109,12.5,6.057668181,3473407.654,7642.718327,3473407.652,7642.718327
163,11001009902,1294559,0,Census Tract 99.02,District of Columbia,District of Columbia,57377,9907,,,78176,17941,55375,32510,47895,10865,56814,8618,,,,,,,,,,,,,,,1105,107,107,71,998,132,9.7,6.356554836,2138797.873,6873.748049,2138797.852,6873.748049
164,11001009903,383679,0,Census Tract 99.03,District of Columbia,District of Columbia,51023,19914,,,97500,45939,48125,23376,36094,25338,47472,17088,,,,,,,,,,,141625,51302,,,666,59,81,57,585,77,12.2,8.49046947,634188.7658,4146.321998,634188.793,4146.321998
165,11001009904,426198,0,Census Tract 99.04,District of Columbia,District of Columbia,32306,12825,8485,1875,38603,10236,41518,25953,,,31616,10760,,,,,,,,,,,,,90469,55322,1071,86,5,8,1066,87,0.5,0.746024165,704402.4621,3862.808888,704402.4609,3862.808888
166,11001009905,431557,0,Census Tract 99.05,District of Columbia,District of Columbia,45094,16601,,,53261,34305,48333,10825,27583,14921,46000,13369,,,,,,,,,,,,,,,1139,104,47,48,1092,108,4.1,4.197346188,713249.6097,3739.604369,713249.5703,3739.604369
167,11001009906,252684,0,Census Tract 99.06,District of Columbia,District of Columbia,45074,9491,,,51771,10079,23920,12297,41136,18687,43393,9636,,,,,,,,,61354,37558,,,91250,90365,756,50,52,28,704,56,6.9,3.675659661,417657.1144,2755.680059,417657.1133,2755.680059
168,11001009907,466954,0,Census Tract 99.07,District of Columbia,District of Columbia,31506,2545,,,31489,6212,27180,6204,38600,25038,31332,3033,,,,,,,,,,,,,,,1171,70,22,26,1149,73,1.9,2.217482369,771711.2755,4083.376163,771711.2891,4083.376163
169,11001010100,580133,0,Census Tract 101,District of Columbia,District of Columbia,94250,10146,46364,40704,105000,27505,109196,51637,34620,23952,128750,45461,,,60375,42222,,,,,115909,60704,99707,17608,80385,58375,1766,109,112,61,1654,108,6.3,3.43188219,959294.1145,4429.852283,959294.1211,4429.852283
170,11001010200,1244366,136323,Census Tract 102,District of Columbia,District of Columbia,109844,7760,103906,29944,111052,11148,120357,35971,97941,28418,111435,10356,,,82875,48332,,,,,97125,46472,107321,16731,84135,69400,1539,115,153,84,1386,131,9.9,5.407299603,2056736.982,6895.569029,2056736.984,6895.569029
171,11001010300,1084591,0,Census Tract 103,District of Columbia,District of Columbia,91758,7977,,,101935,24911,108431,16257,50521,19938,59028,24108,,,192031,78645,,,93359,71370,,,138571,65102,101557,11332,1253,84,129,49,1124,104,10.3,3.849226896,1797137.843,6931.498868,1797137.836,6931.498868
172,11001010400,2614156,7006,Census Tract 104,District of Columbia,District of Columbia,38037,6539,,,39206,12525,32399,13974,38194,20039,38002,6420,,,,,,,,,,,,,,,1608,141,58,44,1550,145,3.6,2.717977902,4327751.785,9769.313325,4327751.789,9769.313325
173,11001010500,749891,0,Census Tract 105,District of Columbia,District of Columbia,79063,20665,37222,29352,88333,27730,,,48200,46572,46667,9334,,,69450,37553,,,,,,,112266,16452,,,2290,155,129,72,2161,163,5.6,3.120899915,1239276.327,4758.209068,1239276.328,4758.209068
174,11001010600,1231590,0,Census Tract 106,District of Columbia,District of Columbia,107607,6891,59821,12881,114487,16675,107688,34611,,,75820,29013,,,106985,63690,,,,,102899,56239,125253,15760,77583,35449,3716,203,283,94,3433,224,7.6,2.495155065,2036555.337,6759.818196,2036555.328,6759.818196
175,11001010700,891593,0,Census Tract 107,District of Columbia,District of Columbia,73688,11236,41063,13364,81500,11025,108224,44154,,,,,,,30962,10445,,,81771,55624,,,78375,11597,78472,13624,1101,84,97,51,1004,96,8.8,4.583124568,1474360.098,4919.356124,1474360.094,4919.356124
176,11001010800,661580,0,Census Tract 108,District of Columbia,District of Columbia,45278,14920,6467,6243,84833,27125,,,45500,13163,,,,,,,,,2499,,,,47792,14519,,,782,89,66,44,716,101,8.4,5.544001446,1093808.825,4478.867308,1093808.801,4478.867308
177,11001010900,2381119,2935328,Census Tract 109,District of Columbia,District of Columbia,41660,5709,15438,5554,45644,8811,43359,7043,23510,16378,42015,5511,,,,,,,,,,,,,,,1263,106,44,50,1219,122,3.5,3.948016325,3943687.656,12536.81023,3943687.66,12536.81023
178,11001011000,654089,364121,Census Tract 110,District of Columbia,District of Columbia,84375,20679,,,99125,42566,97438,26979,64833,23326,45148,20063,,,110714,17468,,,,,,,96500,15787,133445,61179,2645,172,315,129,2330,215,11.9,4.815247391,1073066.565,5980.669785,1073066.566,5980.669785
179,11001011100,5718693,366232,Census Tract 111,District of Columbia,District of Columbia,79628,18145,,,139028,99906,78750,42960,47061,31355,63929,23729,,,223750,164151,,,,,87159,28736,117857,60215,,,1741,97,95,59,1646,111,5.5,3.375192634,9485787.001,23729.16277,9485786.938,23729.16277